{"gradients/net.2.weight":{"values":[1,0,1,1,0,1,0,1,0,2,2,3,7,5,5,5,6,12,12,19,24,28,47,57,70,86,183,196,258,334,5851,208,204,148,114,81,60,33,26,27,11,15,7,13,5,4,2,1,2,4,2,2,2,0,0,1,0,1,0,0,0,1,0,1],"bins":[-0.06980088353157043,-0.06754852086305618,-0.06529615819454193,-0.06304378807544708,-0.06079142540693283,-0.05853906273841858,-0.05628669634461403,-0.05403433367609978,-0.05178196728229523,-0.049529604613780975,-0.047277241945266724,-0.04502487555146217,-0.04277251288294792,-0.04052014648914337,-0.03826778382062912,-0.03601541742682457,-0.03376305475831032,-0.031510692089796066,-0.029258325695991516,-0.027005961164832115,-0.024753596633672714,-0.022501233965158463,-0.02024886943399906,-0.01799650490283966,-0.01574414037168026,-0.013491775840520859,-0.011239411309361458,-0.008987047709524632,-0.0067346831783652306,-0.00448231864720583,-0.002229954581707716,2.2409716621041298e-05,0.0022747740149497986,0.0045271385461091995,0.006779502611607313,0.009031866677105427,0.011284231208264828,0.013536595739424229,0.015788959339261055,0.018041323870420456,0.020293688401579857,0.022546052932739258,0.02479841746389866,0.02705078199505806,0.02930314466357231,0.03155551105737686,0.03380787372589111,0.03606024011969566,0.038312602788209915,0.04056496545672417,0.04281733185052872,0.04506969451904297,0.04732206091284752,0.04957442358136177,0.05182678997516632,0.05407915264368057,0.056331515312194824,0.058583881705999374,0.060836244374513626,0.06308861076831818,0.06534097343683243,0.06759333610534668,0.06984570622444153,0.07209806889295578,0.07435043156147003],"_type":"histogram"},"_timestamp":1.7732779873346326e+09,"train_acc":0.6883458646616541,"val_loss":1.2593695601268673,"parameters/net.0.weight":{"bins":[-0.5141463279724121,-0.4989435076713562,-0.4837406873703003,-0.4685378670692444,-0.4533350467681885,-0.43813225626945496,-0.42292943596839905,-0.40772661566734314,-0.39252379536628723,-0.3773209750652313,-0.3621181547641754,-0.3469153344631195,-0.331712543964386,-0.3165097236633301,-0.30130690336227417,-0.28610408306121826,-0.27090126276016235,-0.25569844245910645,-0.24049562215805054,-0.22529281675815582,-0.21008999645709991,-0.194887176156044,-0.1796843707561493,-0.16448155045509338,-0.14927873015403748,-0.13407590985298157,-0.11887309700250626,-0.10367028415203094,-0.08846746385097504,-0.07326464354991913,-0.05806183069944382,-0.04285901412367821,-0.02765616774559021,-0.0124533511698246,0.0027494654059410095,0.01795228198170662,0.03315509855747223,0.04835791513323784,0.06356073170900345,0.07876354455947876,0.09396636486053467,0.10916918516159058,0.12437199801206589,0.1395748108625412,0.1547776311635971,0.16998045146465302,0.18518325686454773,0.20038607716560364,0.21558889746665955,0.23079171776771545,0.24599453806877136,0.26119735836982727,0.2764001488685608,0.2916029691696167,0.3068057894706726,0.3220086097717285,0.3372114300727844,0.35241425037384033,0.36761707067489624,0.38281989097595215,0.39802271127700806,0.4132255017757416,0.4284283220767975,0.4436311423778534,0.4588339626789093],"_type":"histogram","values":[3,0,1,0,2,4,7,6,9,12,16,17,12,32,29,38,37,51,59,57,68,69,74,90,98,224,317,363,382,404,375,376,398,417,395,383,405,376,385,367,378,308,212,143,130,108,81,68,58,59,39,32,20,20,18,12,5,6,3,2,1,2,0,1]},"parameters/net.0.bias":{"_type":"histogram","values":[1,0,0,0,1,1,0,1,1,0,2,2,1,3,3,5,4,6,0,5,2,2,4,2,1,8,4,1,1,2,4,2,4,4,4,1,2,2,2,3,1,3,4,2,1,2,3,4,1,0,2,3,0,3,4,1,0,0,0,0,1,1,0,1],"bins":[-0.23431453108787537,-0.2262607365846634,-0.21820694208145142,-0.21015314757823944,-0.20209935307502747,-0.1940455436706543,-0.18599174916744232,-0.17793795466423035,-0.16988416016101837,-0.1618303656578064,-0.15377657115459442,-0.14572277665138245,-0.13766896724700928,-0.1296151727437973,-0.12156137824058533,-0.11350758373737335,-0.10545378923416138,-0.0973999947309494,-0.08934620022773743,-0.08129239827394485,-0.07323860377073288,-0.0651848092675209,-0.05713101103901863,-0.04907721281051636,-0.04102341830730438,-0.03296962380409241,-0.024915825575590134,-0.01686202920973301,-0.008808232843875885,-0.0007544364780187607,0.007299359887838364,0.015353156253695488,0.023406922817230225,0.0314607173204422,0.03951451554894447,0.04756831377744675,0.05562210828065872,0.0636759027838707,0.07172970473766327,0.07978349924087524,0.08783729374408722,0.0958910882472992,0.10394488275051117,0.11199868470430374,0.12005247920751572,0.1281062811613083,0.13616007566452026,0.14421387016773224,0.1522676646709442,0.1603214591741562,0.16837525367736816,0.17642904818058014,0.18448284268379211,0.19253665208816528,0.20059044659137726,0.20864424109458923,0.2166980355978012,0.22475183010101318,0.23280562460422516,0.24085941910743713,0.2489132285118103,0.2569670081138611,0.26502081751823425,0.27307459712028503,0.2811284065246582]},"val_acc":0.41631084543125535,"_wandb":{"runtime":1},"train_loss":0.8665984502412323,"parameters/net.4.weight":{"bins":[-0.46588802337646484,-0.4526990056037903,-0.4395099878311157,-0.42632099986076355,-0.413131982088089,-0.39994296431541443,-0.38675394654273987,-0.3735649287700653,-0.36037594079971313,-0.3471869230270386,-0.333997905254364,-0.32080888748168945,-0.3076198697090149,-0.29443085193634033,-0.28124186396598816,-0.2680528461933136,-0.25486382842063904,-0.24167481064796448,-0.2284858077764511,-0.21529679000377655,-0.20210778713226318,-0.18891876935958862,-0.17572975158691406,-0.1625407487154007,-0.14935173094272614,-0.13616271317005157,-0.12297371029853821,-0.10978469252586365,-0.09659568220376968,-0.08340667188167572,-0.07021765410900116,-0.057028643786907196,-0.043839603662490845,-0.030650591477751732,-0.01746157929301262,-0.004272567108273506,0.008916445076465607,0.02210545726120472,0.03529446944594383,0.048483483493328094,0.06167249381542206,0.07486150413751602,0.08805051445960999,0.10123953223228455,0.11442854255437851,0.12761755287647247,0.14080657064914703,0.1539955735206604,0.16718459129333496,0.18037360906600952,0.1935626119375229,0.20675162971019745,0.21994063258171082,0.23312965035438538,0.24631866812705994,0.2595076858997345,0.27269667387008667,0.28588569164276123,0.2990747094154358,0.31226372718811035,0.3254527449607849,0.3386417627334595,0.35183075070381165,0.3650197684764862,0.37820878624916077],"_type":"histogram","values":[1,1,3,1,2,2,2,2,2,0,3,5,1,2,2,6,2,2,5,5,4,5,4,4,6,6,13,15,17,19,17,15,23,25,18,9,24,17,7,16,17,13,20,19,14,5,4,4,6,1,5,5,7,3,1,3,2,0,1,1,2,0,0,2]},"epoch":6,"parameters/net.4.bias":{"bins":[-0.07145701348781586,-0.06926462799310684,-0.06707224249839783,-0.06487985700368881,-0.0626874715089798,-0.060495082288980484,-0.05830269679427147,-0.056110311299562454,-0.05391792580485344,-0.051725540310144424,-0.04953315481543541,-0.047340769320726395,-0.04514838010072708,-0.042955994606018066,-0.04076360911130905,-0.03857122361660004,-0.03637883812189102,-0.03418645262718201,-0.03199406713247299,-0.029801679775118828,-0.027609294280409813,-0.025416908785700798,-0.023224521428346634,-0.02103213593363762,-0.018839750438928604,-0.01664736494421959,-0.014454978518188,-0.01226259209215641,-0.010070206597447395,-0.00787782110273838,-0.005685434676706791,-0.0034930487163364887,-0.0013006553053855896,0.0008917306549847126,0.003084116615355015,0.005276502575725317,0.007468888536095619,0.009661274030804634,0.011853660456836224,0.014046046882867813,0.016238432377576828,0.018430817872285843,0.020623203366994858,0.022815590724349022,0.025007976219058037,0.02720036171376705,0.029392749071121216,0.03158513456583023,0.033777520060539246,0.03596990555524826,0.038162291049957275,0.04035467654466629,0.042547062039375305,0.04473945125937462,0.04693183675408363,0.04912422224879265,0.05131660774350166,0.05350899323821068,0.05570137873291969,0.05789376422762871,0.06008615344762802,0.062278538942337036,0.06447092443704605,0.06666330993175507,0.06885569542646408],"_type":"histogram","values":[1,0,1,0,0,0,0,0,0,0,0,0,0,0,0,0,2,0,0,1,0,1,0,0,0,0,0,0,0,0,0,0,0,0,0,0,0,0,0,0,0,0,0,0,0,0,0,0,0,0,0,0,0,0,0,0,0,0,0,0,0,0,0,1]},