{"epoch":7,"poc_fp_per_min_pass":0,"latency_mean_ms":1.4627399444580078,"macro_recall":0.334903665542747,"_wandb":{"runtime":0},"poc_macro_f1_pass":0,"poc_class0_fnr_pass":0,"poc_latency_pass":1,"train_loss":0.0032146570201593,"fp_per_min":42.287185144328,"val_loss":0.1743024773196695,"best_val_loss":0.13180000604679085,"_runtime":0,"epochs_ran":7,"latency_p95_ms":1.5889595746994019,"train_acc":0.9201808466913276,"_timestamp":1.773284964851802e+09,"macro_f1":0.20681468251272386,"class0_fpr":0.006640625,"val_acc":0.4392174601379622,"lr":0.0007269952498697,"latency_p50_ms":1.4550858736038208,"_step":7,"class0_fnr":0.9913769123783032,"macro_precision":0.2556230797656673,"accuracy":0.1636880584890333}