{"accuracy":0.2688870836718115,"fp_per_min":20.22430593859165,"epochs_ran":9,"poc_latency_pass":1,"latency_mean_ms":0.0030349527951329947,"macro_precision":0.39195489442084025,"train_loss":0.006001793670989,"poc_macro_f1_pass":0,"class0_fpr":0.011328125,"best_val_loss":0.07962767878861104,"_wandb":{"runtime":0},"lr":0.0005782172325201,"poc_class0_fnr_pass":0,"val_acc":0.4311885106864186,"epoch":9,"train_acc":0.865022605836416,"val_loss":0.0921020238524758,"_runtime":0,"_timestamp":1.7732849720260284e+09,"macro_recall":0.5345177961987401,"latency_p50_ms":0.0024834999348968267,"macro_f1":0.32839367961643445,"class0_fnr":0.9762169680111266,"poc_fp_per_min_pass":0,"latency_p95_ms":0.005084437318146229,"_step":9}