{"poc_macro_f1_pass":0,"latency_mean_ms":0.10519353300333023,"latency_p50_ms":0.10326199978590012,"epoch":7,"val_acc":0.2349881262015153,"poc_latency_pass":1,"accuracy":0.1511779041429732,"lr":0.0007269952498697,"train_acc":0.8475955610357583,"latency_p95_ms":0.13681384921073914,"_runtime":0,"poc_class0_fnr_pass":0,"poc_fp_per_min_pass":1,"_timestamp":1.773284989245238e+09,"macro_f1":0.19264448634890408,"macro_recall":0.3187947807504921,"train_loss":0.0092990313045316,"macro_precision":0.16191393405708104,"best_val_loss":0.11810436931733738,"_step":7,"class0_fnr":1,"class0_fpr":0,"_wandb":{"runtime":0},"val_loss":0.1856580517521307,"fp_per_min":0,"epochs_ran":7}