{"epoch":8,"macro_precision":0.42471210300403245,"lr":0.0006545084971874,"_step":8,"_runtime":0,"val_loss":0.1022606568738515,"poc_latency_pass":1,"accuracy":0.38131600324939074,"_timestamp":1.7732849788762004e+09,"poc_macro_f1_pass":0,"best_val_loss":0.08640815775921888,"val_acc":0.5991179463982811,"latency_mean_ms":0.005252161994576454,"poc_fp_per_min_pass":0,"latency_p95_ms":0.007790437433868647,"macro_f1":0.4386766920491523,"macro_recall":0.632232001042907,"fp_per_min":44.125758411472695,"class0_fpr":0.0498046875,"epochs_ran":8,"_wandb":{"runtime":0},"train_loss":0.0039294928135645,"class0_fnr":0.8556328233657858,"latency_p50_ms":0.005138156469911337,"poc_class0_fnr_pass":0,"train_acc":0.887422934648582}