{"_runtime":0,"train_acc":0.865022605836416,"fp_per_min":20.22430593859165,"macro_precision":0.39195489442084025,"accuracy":0.2688870836718115,"latency_p95_ms":0.003542187623679638,"best_val_loss":0.07962767878861104,"_timestamp":1.773284968313521e+09,"val_acc":0.4311885106864186,"epochs_ran":9,"poc_macro_f1_pass":0,"latency_mean_ms":0.0024746404960751534,"macro_recall":0.5345177961987401,"_step":9,"poc_fp_per_min_pass":0,"epoch":9,"_wandb":{"runtime":0},"train_loss":0.006001793670989,"macro_f1":0.32839367961643445,"class0_fnr":0.9762169680111266,"class0_fpr":0.011328125,"val_loss":0.0921020238524758,"lr":0.0005782172325201,"poc_class0_fnr_pass":0,"latency_p50_ms":0.0022572188172489405,"poc_latency_pass":1}