{"train_loss":0.0038565444022887,"poc_latency_pass":1,"macro_recall":0.4753207279464532,"class0_fpr":0.0019364833462432224,"latency_p50_ms":0.01607299968600273,"class0_fnr":0.9969187675070028,"_wandb":{"runtime":0},"best_val_loss":0.10070372378599488,"val_acc":0.3913535536441829,"accuracy":0.235370611183355,"macro_f1":0.3025494563466616,"poc_fp_per_min_pass":1,"fp_per_min":0,"lr":0.0007269952498697,"_timestamp":1.7732849617185736e+09,"_step":7,"poc_class0_fnr_pass":0,"latency_p95_ms":0.0238617192953825,"latency_mean_ms":0.017628809437155724,"epoch":7,"poc_macro_f1_pass":0,"val_loss":0.1337412756358831,"epochs_ran":7,"macro_precision":0.3422558663863257,"_runtime":0,"train_acc":0.8773646981411416}