{"train_acc":0.7793233082706766,"_timestamp":1.7729799264159522e+09,"parameters/net.3.bias":{"_type":"histogram","values":[1,0,0,0,0,0,0,0,0,0,0,1,0,0,0,0,0,0,0,0,1,0,0,0,2,1,2,2,2,1,4,3,7,5,6,0,3,1,2,2,2,1,0,1,2,0,0,0,0,2,1,0,0,0,2,1,0,3,0,0,0,1,1,1],"bins":[-0.23081907629966736,-0.22391767799854279,-0.2170162796974182,-0.21011488139629364,-0.20321348309516907,-0.1963120847940445,-0.18941068649291992,-0.18250928819179535,-0.17560788989067078,-0.1687064915895462,-0.16180509328842163,-0.15490369498729706,-0.14800229668617249,-0.1411008983850479,-0.13419950008392334,-0.12729810178279877,-0.1203966960310936,-0.11349529772996902,-0.10659389942884445,-0.09969250112771988,-0.0927911028265953,-0.08588970452547073,-0.07898830622434616,-0.07208690792322159,-0.06518550217151642,-0.058284107595682144,-0.05138270929455757,-0.044481310993433,-0.03757990896701813,-0.030678512528538704,-0.023777112364768982,-0.01687571406364441,-0.009974315762519836,-0.0030729169957339764,0.0038284817710518837,0.010729881003499031,0.017631279304623604,0.024532677605748177,0.0314340777695179,0.03833547607064247,0.045236874371767044,0.05213827267289162,0.05903967097401619,0.06594107300043106,0.07284247130155563,0.0797438696026802,0.08664526790380478,0.09354666620492935,0.10044806450605392,0.1073494628071785,0.11425086110830307,0.12115225940942764,0.1280536651611328,0.13495506346225739,0.14185646176338196,0.14875786006450653,0.1556592583656311,0.16256065666675568,0.16946205496788025,0.17636345326900482,0.1832648515701294,0.19016624987125397,0.19706764817237854,0.2039690464735031,0.21087044477462769]},"gradients/net.3.bias":{"bins":[-0.04799620062112808,-0.04663807898759842,-0.045279957354068756,-0.04392183572053909,-0.04256371408700943,-0.041205596178770065,-0.0398474745452404,-0.03848935291171074,-0.037131231278181076,-0.03577310964465141,-0.03441498801112175,-0.03305686637759209,-0.03169874846935272,-0.03034062497317791,-0.028982505202293396,-0.027624383568763733,-0.02626626193523407,-0.024908140301704407,-0.023550018668174744,-0.02219189889729023,-0.020833777263760567,-0.019475655630230904,-0.01811753585934639,-0.016759414225816727,-0.015401292592287064,-0.0140431709587574,-0.012685050256550312,-0.011326929554343224,-0.00996880792081356,-0.008610686287283897,-0.007252565585076809,-0.005894444417208433,-0.004536326974630356,-0.00317820580676198,-0.0018200846388936043,-0.0004619634710252285,0.0008961576968431473,0.002254278864711523,0.003612400032579899,0.004970521200448275,0.00632864236831665,0.007686763536185026,0.009044884704053402,0.01040300540626049,0.011761127039790154,0.013119248673319817,0.014477369375526905,0.015835490077733994,0.017193611711263657,0.01855173334479332,0.019909854978322983,0.021267974749207497,0.02262609638273716,0.023984218016266823,0.025342337787151337,0.026700459420681,0.028058581054210663,0.029416702687740326,0.03077482432126999,0.03213294595479965,0.033491067588329315,0.03484918549656868,0.03620730713009834,0.037565428763628006,0.03892355039715767],"_type":"histogram","values":[1,0,0,0,0,0,0,1,1,0,1,1,0,0,0,0,1,0,0,0,0,2,0,0,2,0,0,1,2,0,0,2,0,2,0,31,0,1,1,0,1,1,0,1,0,1,1,0,0,2,1,0,1,1,0,1,0,1,1,0,0,0,0,1]},"_wandb":{"runtime":3},"lr":0.00025,"gradients/net.0.bias":{"bins":[-0.15636706352233887,-0.15177808701992035,-0.14718912541866302,-0.1426001489162445,-0.138011172413826,-0.13342221081256866,-0.12883323431015015,-0.12424425780773163,-0.11965528875589371,-0.11506631970405579,-0.11047734320163727,-0.10588837414979935,-0.10129940509796143,-0.09671042859554291,-0.09212145954370499,-0.08753248304128647,-0.08294351398944855,-0.07835454493761063,-0.07376556843519211,-0.06917659938335419,-0.06458762288093567,-0.05999865382909775,-0.05540968477725983,-0.05082071200013161,-0.04623173922300339,-0.04164276644587517,-0.03705379366874695,-0.03246482461690903,-0.027875851839780807,-0.023286879062652588,-0.018697908148169518,-0.014108936302363873,-0.009519964456558228,-0.0049309926107525826,-0.00034202076494693756,0.004246951080858707,0.008835922926664352,0.013424894772469997,0.018013866618275642,0.022602837532758713,0.027191810309886932,0.03178078308701515,0.03636975586414337,0.04095872491598129,0.04554769769310951,0.05013667047023773,0.05472563952207565,0.05931461229920387,0.06390358507633209,0.06849255412817001,0.07308153063058853,0.07767049968242645,0.08225947618484497,0.08684844523668289,0.09143741428852081,0.09602639079093933,0.10061535984277725,0.10520432889461517,0.10979330539703369,0.11438227444887161,0.11897124350070953,0.12356022000312805,0.12814919650554657,0.1327381581068039,0.1373271346092224],"_type":"histogram","values":[1,0,0,0,0,0,0,0,0,0,0,0,0,0,0,0,0,0,0,0,1,3,0,1,1,4,2,2,3,3,5,8,6,3,42,3,5,6,4,4,2,3,3,3,0,1,1,0,2,2,1,0,0,0,0,1,0,1,0,0,0,0,0,1]},"parameters/net.6.bias":{"_type":"histogram","values":[1,0,1,0,0,0,0,0,0,1,0,0,0,1,0,0,0,0,1,0,0,0,0,0,0,0,0,0,0,0,0,0,1,0,0,0,0,0,0,0,0,0,0,0,0,0,0,0,0,0,0,0,0,0,0,0,0,0,0,0,0,0,0,1],"bins":[-0.07754781097173691,-0.07509885728359222,-0.07264989614486694,-0.07020094245672226,-0.06775198876857758,-0.06530303508043289,-0.06285408139228821,-0.06040512025356293,-0.05795616656541824,-0.05550721287727356,-0.05305825546383858,-0.050609298050403595,-0.04816034436225891,-0.04571139067411423,-0.043262433260679245,-0.04081347584724426,-0.03836452215909958,-0.035915568470954895,-0.03346661105751991,-0.03101765550673008,-0.028568699955940247,-0.026119744405150414,-0.02367078885436058,-0.021221833303570747,-0.018772877752780914,-0.01632392220199108,-0.013874966651201248,-0.011426011100411415,-0.008977055549621582,-0.006528099998831749,-0.004079144448041916,-0.0016301888972520828,0.0008187592029571533,0.0032677147537469864,0.0057166703045368195,0.008165625855326653,0.010614581406116486,0.013063536956906319,0.015512492507696152,0.017961448058485985,0.020410403609275818,0.02285935916006565,0.025308314710855484,0.027757270261645317,0.03020622581243515,0.032655179500579834,0.035104136914014816,0.0375530943274498,0.04000204801559448,0.042451001703739166,0.04489995911717415,0.04734891653060913,0.049797870218753815,0.0522468239068985,0.05469578132033348,0.05714473873376846,0.05959369242191315,0.06204264611005783,0.06449159979820251,0.0669405609369278,0.06938951462507248,0.07183846831321716,0.07428742945194244,0.07673638314008713,0.07918533682823181]},"epoch":20,"parameters/net.6.weight":{"_type":"histogram","values":[5,0,3,2,1,1,4,3,1,2,0,3,2,6,0,1,5,2,2,2,5,10,4,1,4,2,1,2,7,1,5,4,5,5,9,11,13,37,127,33,11,15,5,6,5,12,7,5,8,4,2,3,3,5,4,6,3,4,0,4,1,1,1,2],"bins":[-0.61107337474823,-0.5951644778251648,-0.5792555809020996,-0.5633466243743896,-0.5474377274513245,-0.5315288305282593,-0.5156199336051941,-0.4997110068798065,-0.48380210995674133,-0.46789321303367615,-0.4519842863082886,-0.4360753893852234,-0.4201664924621582,-0.40425756573677063,-0.38834866881370544,-0.37243974208831787,-0.3565308451652527,-0.3406219482421875,-0.3247130215167999,-0.30880412459373474,-0.29289519786834717,-0.276986300945282,-0.2610774040222168,-0.24516849219799042,-0.22925958037376404,-0.21335066854953766,-0.19744175672531128,-0.1815328598022461,-0.16562394797801971,-0.14971503615379333,-0.13380613923072815,-0.11789722740650177,-0.10198834538459778,-0.0860794335603714,-0.07017052918672562,-0.054261621087789536,-0.038352712988853455,-0.022443804889917374,-0.006534896790981293,0.009374011307954788,0.02528291940689087,0.04119182750582695,0.05710073560476303,0.07300963997840881,0.08891855180263519,0.10482746362686157,0.12073636800050735,0.13664527237415314,0.15255418419837952,0.1684630960226059,0.18437200784683228,0.20028090476989746,0.21618981659412384,0.23209872841835022,0.2480076253414154,0.263916552066803,0.27982544898986816,0.29573434591293335,0.3116432726383209,0.3275521695613861,0.3434610962867737,0.35936999320983887,0.37527889013290405,0.3911878168582916,0.4070967137813568]},"parameters/net.0.bias":{"_type":"histogram",