{"parameters/net.0.weight":{"bins":[-0.4699724316596985,-0.4562126100063324,-0.4424527883529663,-0.4286929666996002,-0.41493314504623413,-0.40117332339286804,-0.38741350173950195,-0.37365368008613586,-0.3598938584327698,-0.3461340367794037,-0.3323742151260376,-0.3186143934726715,-0.3048545718193054,-0.29109475016593933,-0.27733492851257324,-0.26357510685920715,-0.24981528520584106,-0.23605546355247498,-0.2222956418991089,-0.2085358202457428,-0.1947759985923767,-0.18101617693901062,-0.16725635528564453,-0.15349653363227844,-0.13973671197891235,-0.12597689032554626,-0.11221706867218018,-0.09845724701881409,-0.084697425365448,-0.07093760371208191,-0.05717778205871582,-0.04341796040534973,-0.029658108949661255,-0.015898287296295166,-0.002138465642929077,0.011621356010437012,0.0253811776638031,0.03914099931716919,0.05290082097053528,0.06666064262390137,0.08042046427726746,0.09418028593063354,0.10794010758399963,0.12169992923736572,0.1354597508907318,0.1492195725440979,0.162979394197464,0.17673921585083008,0.19049903750419617,0.20425885915756226,0.21801868081092834,0.23177850246429443,0.24553832411766052,0.2592981457710266,0.2730579674243927,0.2868177890777588,0.3005776107311249,0.31433743238449097,0.32809725403785706,0.34185707569122314,0.35561689734458923,0.3693767189979553,0.3831365406513214,0.3968963623046875,0.4106561839580536],"_type":"histogram","values":[1,0,1,1,4,7,4,8,13,14,10,16,14,33,29,36,40,51,53,71,58,67,75,81,137,254,299,364,336,357,340,359,373,378,367,358,379,361,354,321,385,349,285,209,173,128,103,84,56,63,46,34,33,21,15,21,8,14,3,5,1,1,1,2]},"parameters/net.3.weight":{"_type":"histogram","values":[1,0,1,0,0,3,0,4,3,6,5,12,14,22,25,14,18,40,46,43,32,60,76,257,560,612,523,555,577,561,589,595,581,571,535,418,127,121,98,87,66,62,53,34,36,30,31,23,14,15,6,8,6,3,6,1,2,0,0,3,0,0,0,1],"bins":[-0.4359029233455658,-0.4213014245033264,-0.40669989585876465,-0.39209839701652527,-0.3774968981742859,-0.3628953993320465,-0.34829390048980713,-0.33369237184524536,-0.319090873003006,-0.3044893741607666,-0.28988784551620483,-0.27528634667396545,-0.2606848478317261,-0.2460833489894867,-0.23148183524608612,-0.21688032150268555,-0.20227882266044617,-0.1876773238182068,-0.1730758100748062,-0.15847429633140564,-0.14387279748916626,-0.12927129864692688,-0.1146697849035263,-0.10006827861070633,-0.08546677231788635,-0.07086526602506638,-0.0562637597322464,-0.04166225343942642,-0.027060747146606445,-0.012459240853786469,0.0021422654390335083,0.016743771731853485,0.03134530782699585,0.045946814119815826,0.0605483204126358,0.07514982670545578,0.08975133299827576,0.10435283929109573,0.11895434558391571,0.13355585932731628,0.14815735816955566,0.16275885701179504,0.17736037075519562,0.1919618844985962,0.20656338334083557,0.22116488218307495,0.23576639592647552,0.2503679096698761,0.2649694085121155,0.27957090735435486,0.29417240619659424,0.308773934841156,0.3233754336833954,0.33797693252563477,0.35257846117019653,0.3671799600124359,0.3817814588546753,0.3963829576969147,0.41098445653915405,0.4255859851837158,0.4401874840259552,0.4547889828681946,0.46939051151275635,0.4839920103549957,0.4985935091972351]},"test_acc":0.49786507258753204,"gradients/net.3.bias":{"values":[3,0,0,0,0,0,0,1,0,1,1,0,0,0,1,0,0,1,1,0,0,1,1,1,33,2,0,0,1,0,0,0,1,2,0,1,3,1,0,0,2,1,0,0,0,0,0,0,0,0,0,2,0,0,1,0,0,0,1,0,0,0,0,1],"bins":[-0.025353508070111275,-0.024320701137185097,-0.02328789420425892,-0.02225508727133274,-0.021222278475761414,-0.020189471542835236,-0.019156664609909058,-0.01812385767698288,-0.0170910507440567,-0.016058243811130524,-0.015025436878204346,-0.013992629013955593,-0.012959822081029415,-0.011927015148103237,-0.010894207283854485,-0.009861400350928307,-0.008828593418002129,-0.007795786485075951,-0.006762979086488485,-0.00573017168790102,-0.004697364754974842,-0.0036645575892180204,-0.002631750423461199,-0.0015989432577043772,-0.0005661360919475555,0.0004666710738092661,0.0014994782395660877,0.0025322854053229094,0.003565092571079731,0.004597899504005909,0.005630706902593374,0.0066635143011808395,0.007696323096752167,0.008729130029678345,0.009761936962604523,0.010794744826853275,0.011827551759779453,0.012860358692705631,0.013893166556954384,0.014925973489880562,0.01595878042280674,0.016991587355732918,0.018024394288659096,0.019057201221585274,0.0200900100171566,0.02112281695008278,0.022155623883008957,0.023188430815935135,0.024221237748861313,0.02525404468178749,0.02628685161471367,0.027319658547639847,0.028352465480566025,0.029385274276137352,0.03041808120906353,0.03145088627934456,0.032483696937561035,0.03351650387048721,0.03454931080341339,0.03558211773633957,0.03661492466926575,0.037647731602191925,0.0386805385351181,0.03971334546804428,0.04074615240097046],"_type":"histogram"},"gradients/net.3.weight":{"bins":[-0.031514573842287064,-0.030300520360469818,-0.029086466878652573,-0.027872413396835327,-0.02665835991501808,-0.025444304570555687,-0.02423025108873844,-0.023016197606921196,-0.02180214412510395,-0.020588090643286705,-0.01937403716146946,-0.018159983679652214,-0.01694592833518982,-0.015731874853372574,-0.014517821371555328,-0.013303767889738083,-0.012089714407920837,-0.010875660926103592,-0.009661607444286346,-0.008447553031146526,-0.007233499549329281,-0.006019446067512035,-0.004805392120033503,-0.0035913384053856134,-0.0023772846907377243,-0.0011632309760898352,5.082273855805397e-05,0.001264876453205943,0.0024789301678538322,0.0036929838825017214,0.0049070375971496105,0.006121091544628143,0.00733514130115509,0.008549194782972336,0.009763248264789581,0.010977302677929401,0.012191356159746647,0.013405409641563892,0.014619464054703712,0.015833517536520958,0.017047571018338203,0.01826162450015545,0.019475677981972694,0.02068973146378994,0.021903786808252335,0.02311784029006958,0.024331893771886826,0.02554594725370407,0.026760000735521317,0.027974054217338562,0.029188107699155807,0.030402161180973053,0.0316162146627903,0.032830268144607544,0.03404432162642479,0.035258375108242035,0.03647243231534958,0.037686485797166824,0.03890053927898407,0.040114592760801315,0.04132864624261856,0.042542699724435806,0.04375675320625305,0.0449708066880703,0.04618486016988754],"_type":"histogram","values":[3,1,1,2,4,0,3,1,4,14,8,9,12,11,17,27,29,38,44,63,72,90,135,129,192,5711,193,162,203,163,161,120,107,83,71,67,47,30,21,24,20,13,9,22,8,6,5,6,4,9,2,2,2,1,1,2,2,1,2,0,1,1,0,1]},"parameters/net.6.bias":{"bins":[-0.07005050033330917,-0.06801152974367142,-0.06597255915403366,-0.0639335885643959,-0.06189461424946785,-0.05985564365983009,-0.05781667307019234,-0.05577770248055458,-0.053738728165626526,-0.05169975757598877,-0.04966078698635101,-0.04762181639671326,-0.0455828458070755,-0.043543875217437744,-0.04150490090250969,-0.03946593031287193,-0.03742695972323418,-0.03538798913359642,-0.033349018543958664,-0.03131004422903061,-0.029271073639392853,-0.027232103049755096,-0.02519313246011734,-0.023154160007834435,-0.021115189418196678,-0.019076218828558922,-0.017037246376276016,-0.01499827578663826,-0.012959304265677929,-0.010920332744717598,-0.008881362155079842,-0.006842390634119511,-0.004803415387868881,-0.002764444099739194,-0.0007254728116095066,0.0013134984765201807,0.003352469764649868,0.005391441285610199,0.007430412340909243,0.009469383396208286,0.011508354917168617,0.013547326438128948,0.01558629795908928,0.017625268548727036,0.019664239138364792,0.021703211590647697,0.023742182180285454,0.02578115463256836,0.027820125222206116,0.029859095811843872,0.03189806640148163,0.03393704071640968,0.03597601130604744,0.038014981895685196,0.04005395248532295,0.04209292307496071,0.04413189738988876,0.04617086797952652,0.048209838569164276,0.05024880915880203,0.05228777974843979,0.054326750338077545,0.0563657246530056,0.058404695242643356,0.06044366583228111],"_type":"histogram","values":[1,1,0,0,0,0,0,0,0,0,0,0,0,0,1,0,0,0,1,0,0,1,0,0,0,0,0,0,1,0,0,0,0,0,0,0,0,0,0,0,0,0,0,0,0,0,0,0,0,0,0,0,0,0,0,0,0,0,0,0,0,0,0,1]},"_step":10,"best_val_acc":0.6485909479077712,