{"class0_fpr":0.040234375,"accuracy":0.3704305442729488,"class0_fnr":0.9321279554937413,"latency_mean_ms":0.008170917630195618,"latency_p95_ms":0.012495312839746475,"_wandb":{"runtime":0},"macro_recall":0.6941819993579816,"poc_class0_fnr_pass":0,"lr":0.0006545084971874,"macro_precision":0.4362869120081837,"_timestamp":1.7732849995840163e+09,"poc_macro_f1_pass":0,"latency_p50_ms":0.006938343867659569,"fp_per_min":16.54715940430226,"_step":8,"train_acc":0.8659679408138101,"epoch":8,"_runtime":0,"epochs_ran":8,"poc_fp_per_min_pass":0,"best_val_loss":0.04458834117308973,"val_acc":0.4906705869048965,"train_loss":0.0050607048031715,"poc_latency_pass":1,"val_loss":0.0616119335121092,"macro_f1":0.45477822774450904}