{"epoch":9,"poc_fp_per_min_pass":1,"macro_f1":0.30116439195340167,"val_acc":0.3449524671797193,"accuracy":0.24496098829648894,"poc_class0_fnr_pass":0,"val_loss":0.1227593907961884,"latency_mean_ms":0.004626502748578787,"macro_recall":0.5063220208021556,"macro_precision":0.352691877376298,"poc_macro_f1_pass":0,"poc_latency_pass":1,"train_loss":0.0092227846208783,"_timestamp":1.7732849856017907e+09,"class0_fnr":0.9977591036414566,"best_val_loss":0.10694238019204075,"train_acc":0.847507813785162,"latency_p50_ms":0.004230999853461981,"latency_p95_ms":0.005993343889713287,"fp_per_min":0,"_runtime":0,"_wandb":{"runtime":0},"class0_fpr":0.000774593338497289,"_step":9,"lr":0.0005782172325201,"epochs_ran":9}