{"latency_p50_ms":0.027662530541419983,"poc_macro_f1_pass":0,"macro_f1":0.4548189201698022,"poc_fp_per_min_pass":1,"poc_latency_pass":1,"lr":0.0005,"fp_per_min":0,"latency_p95_ms":0.034029219299554825,"macro_recall":0.6183266195608806,"val_loss":0.0975074497544391,"class0_fpr":0.06622773044151821,"_step":10,"val_acc":0.3809416025350837,"class0_fnr":0.7411764705882353,"train_loss":0.0060083001116966,"_runtime":0,"epoch":10,"macro_precision":0.4359695555003946,"epochs_ran":10,"accuracy":0.4343302990897269,"latency_mean_ms":0.027198169380426407,"_timestamp":1.773284996382737e+09,"best_val_loss":0.08004190964179915,"_wandb":{"runtime":0},"train_acc":0.8684816581674617,"poc_class0_fnr_pass":0}