{"fp_per_min":0,"class0_fnr":0.8865546218487395,"epoch":8,"_wandb":{"runtime":0},"poc_class0_fnr_pass":0,"poc_fp_per_min_pass":1,"train_loss":0.005092114063743,"lr":0.0006545084971874,"epochs_ran":8,"macro_f1":0.38800844659425043,"macro_recall":0.5998304159811456,"_runtime":0,"macro_precision":0.3903836254784632,"_step":8,"latency_p50_ms":0.016955718398094177,"_timestamp":1.7732849857906423e+09,"latency_mean_ms":0.0180247463285923,"class0_fpr":0.030209140201394268,"latency_p95_ms":0.025588562712073326,"val_loss":0.1172741885457631,"train_acc":0.8721829248231617,"val_acc":0.4404708012675419,"poc_macro_f1_pass":0,"best_val_loss":0.07983422560947022,"poc_latency_pass":1,"accuracy":0.34850455136540964}