{"accuracy":0.22886866059817945,"val_loss":0.1182194064548783,"macro_f1":0.2773844160311553,"train_acc":0.7869715413719361,"_timestamp":1.7732849754508228e+09,"_runtime":0,"_wandb":{"runtime":0},"macro_precision":0.21417075568662372,"epoch":16,"poc_class0_fnr_pass":0,"latency_p95_ms":0.006331531330943108,"poc_macro_f1_pass":0,"poc_fp_per_min_pass":1,"epochs_ran":16,"_step":16,"val_acc":0.2623358985966501,"train_loss":0.019873600770269,"poc_latency_pass":1,"lr":9.549150281252631e-05,"latency_p50_ms":0.003116500098258257,"fp_per_min":0,"class0_fpr":0,"macro_recall":0.47343028431835127,"class0_fnr":1,"latency_mean_ms":0.0037406848277896643,"best_val_loss":0.10736319112927463}