{"epoch":9,"_step":9,"class0_fnr":1,"macro_precision":0.20329481944658365,"latency_p50_ms":0.0059850625693798065,"accuracy":0.21440182054616386,"latency_mean_ms":0.006426691077649593,"train_loss":0.0139623433809594,"val_loss":0.1389899177568673,"_wandb":{"runtime":0},"_timestamp":1.7732849822539413e+09,"poc_latency_pass":1,"train_acc":0.8228327027471624,"best_val_loss":0.11931704459631805,"poc_macro_f1_pass":0,"val_acc":0.2688999547306474,"poc_fp_per_min_pass":1,"class0_fpr":0,"epochs_ran":9,"macro_f1":0.26243634109968594,"lr":0.0005782172325201,"_runtime":0,"latency_p95_ms":0.011260468512773514,"fp_per_min":0,"macro_recall":0.4489104695466776,"poc_class0_fnr_pass":0}