{"class0_fnr":1,"best_val_loss":0.10959065998416648,"_runtime":0,"latency_p50_ms":0.26694008708000183,"macro_recall":0.38629172351951885,"_timestamp":1.7732849923103383e+09,"epochs_ran":8,"macro_f1":0.228901525013165,"poc_fp_per_min_pass":0,"poc_class0_fnr_pass":0,"class0_fpr":0,"lr":0.0006545084971874,"accuracy":0.18334687246141348,"_wandb":{"runtime":0},"train_loss":0.0046844310861768,"latency_mean_ms":0.24536827206611633,"val_acc":0.2750197896641411,"macro_precision":0.20417490429660767,"_step":8,"val_loss":0.1837257963699445,"fp_per_min":12.870012870012868,"train_acc":0.8847102342786684,"epoch":8,"poc_latency_pass":1,"latency_p95_ms":0.29447269439697266,"poc_macro_f1_pass":0}