class,precision,recall,f1,support
neutral,0.5876288659793815,0.40714285714285714,0.4810126582278481,280
fist,0.8026315789473685,0.8026315789473685,0.8026315789473685,152
open_palm,0.7655172413793103,0.925,0.8377358490566038,120
V,0.7911392405063291,0.8333333333333334,0.8116883116883117,150
pinky,0.8787878787878788,0.9006211180124224,0.8895705521472393,161
animal,0.7699115044247787,0.9720670391061452,0.8592592592592593,179
k-heart,0.8758620689655172,0.8881118881118881,0.8819444444444444,143
